/*M!999999\- enable the sandbox mode */ 
-- MariaDB dump 10.19-11.8.6-MariaDB, for debian-linux-gnu (aarch64)
--
-- Host: localhost    Database: smart_gym_db
-- ------------------------------------------------------
-- Server version	11.8.6-MariaDB-0+deb13u1 from Debian

/*M!100616 SET @OLD_NOTE_VERBOSITY=@@NOTE_VERBOSITY, NOTE_VERBOSITY=0 */;

--
-- Table structure for table `access_logs`
--

DROP TABLE IF EXISTS `access_logs`;
CREATE TABLE `access_logs` (
  `id` int(11) NOT NULL AUTO_INCREMENT,
  `user_id` varchar(10) DEFAULT NULL,
  `direction` varchar(5) DEFAULT NULL,
  `result` varchar(10) DEFAULT NULL,
  `reason` varchar(100) DEFAULT NULL,
  `timestamp` datetime DEFAULT current_timestamp(),
  PRIMARY KEY (`id`)
) ENGINE=InnoDB AUTO_INCREMENT=102 DEFAULT CHARSET=utf8mb4 COLLATE=utf8mb4_general_ci;

--
-- Dumping data for table `access_logs`
--

INSERT INTO `access_logs` VALUES
(26,'W0001','IN','ALLOW','VALID_WALKIN','2026-03-24 20:34:31'),
(27,'M0001','IN','ALLOW','VALID_MEMBER','2026-03-24 20:35:17'),
(28,'W0001','IN','ALLOW','VALID_WALKIN','2026-03-30 15:25:58'),
(29,'M0001','IN','ALLOW','VALID_MEMBER','2026-04-01 13:46:50'),
(30,'M0001','IN','ALLOW','VALID_MEMBER','2026-04-01 14:14:01'),
(31,'M0001','IN','ALLOW','VALID_MEMBER','2026-04-01 14:14:44'),
(32,'M0001','IN','ALLOW','VALID_MEMBER','2026-04-01 14:32:26'),
(33,'M0001','IN','ALLOW','VALID_MEMBER','2026-04-01 14:51:26'),
(34,'M0001','IN','ALLOW','VALID_MEMBER','2026-04-01 14:59:47'),
(35,'M0001','IN','ALLOW','VALID_MEMBER','2026-04-03 14:00:04'),
(36,'M0001','IN','ALLOW','VALID_MEMBER','2026-04-03 14:05:07'),
(37,'M0001','IN','ALLOW','VALID_MEMBER','2026-04-03 14:14:57'),
(38,'M0001','IN','ALLOW','VALID_MEMBER','2026-04-03 14:22:42'),
(39,'M0001','IN','ALLOW','VALID_MEMBER','2026-04-03 14:31:53'),
(40,'M0001','IN','ALLOW','VALID_MEMBER','2026-04-03 14:50:26'),
(41,'M0001','IN','ALLOW','VALID_MEMBER','2026-04-03 17:06:37'),
(42,'M0001','IN','ALLOW','VALID_MEMBER','2026-04-06 14:24:05'),
(43,'W0001','IN','ALLOW','VALID_WALKIN','2026-04-11 14:13:46'),
(44,'W0001','IN','ALLOW','VALID_WALKIN','2026-04-11 14:30:56'),
(45,'W0001','IN','ALLOW','VALID_WALKIN','2026-04-11 14:38:01'),
(46,'W0001','IN','ALLOW','VALID_WALKIN','2026-04-11 14:38:56'),
(47,'W0001','IN','ALLOW','VALID_WALKIN','2026-04-11 14:42:10'),
(48,'W0001','IN','ALLOW','VALID','2026-04-11 21:45:53'),
(49,'W0001','IN','ALLOW','VALID','2026-04-11 21:51:43'),
(50,'W0001','IN','ALLOW','VALID','2026-04-11 22:00:35'),
(51,'W0001','IN','ALLOW','VALID','2026-04-11 22:02:20'),
(52,'W0001','IN','ALLOW','VALID','2026-04-11 22:09:31'),
(53,'W0001','IN','ALLOW','VALID','2026-04-11 23:00:09'),
(54,'W0001','IN','ALLOW','VALID','2026-04-11 23:06:49'),
(55,'W0001','IN','ALLOW','VALID','2026-04-11 23:12:50'),
(56,'W0001','IN','ALLOW','VALID','2026-04-11 23:19:05'),
(57,'W0001','IN','ALLOW','VALID','2026-04-11 23:19:59'),
(58,'W0002','IN','ALLOW','VALID','2026-04-12 15:42:45'),
(59,'M0002','IN','ALLOW','VALID','2026-04-12 16:02:11'),
(60,'W0001','IN','ALLOW','VALID','2026-04-12 18:53:44'),
(61,'W0001','IN','ALLOW','VALID','2026-04-12 18:54:46'),
(62,'W0001','IN','ALLOW','VALID','2026-04-12 18:55:58'),
(63,'W0001','IN','ALLOW','VALID','2026-04-12 18:57:22'),
(64,'W0001','IN','ALLOW','VALID','2026-04-12 18:58:35'),
(65,'W0001','IN','ALLOW','VALID','2026-04-12 19:01:27'),
(66,'W0001','IN','ALLOW','VALID','2026-04-12 19:04:41'),
(67,'W0001','IN','ALLOW','VALID','2026-04-12 19:12:40'),
(68,'W0001','IN','ALLOW','VALID','2026-04-12 19:14:01'),
(69,'W0001','IN','ALLOW','VALID','2026-04-12 20:06:45'),
(70,'W0001','IN','ALLOW','VALID','2026-04-12 20:11:40'),
(71,'W0001','IN','ALLOW','VALID','2026-04-12 20:12:41'),
(72,'W0001','IN','ALLOW','VALID','2026-04-12 20:17:20'),
(73,'W0001','IN','ALLOW','VALID','2026-04-12 20:18:27'),
(74,'W0001','IN','ALLOW','VALID','2026-04-12 20:34:02'),
(75,'W0001','IN','ALLOW','VALID','2026-04-12 20:35:04'),
(76,'W0001','IN','ALLOW','VALID','2026-04-12 20:37:02'),
(77,'W0001','IN','ALLOW','VALID','2026-04-12 20:38:48'),
(78,'W0001','IN','ALLOW','VALID','2026-04-14 20:23:43'),
(79,'W0001','IN','ALLOW','VALID','2026-04-14 20:59:38'),
(80,'W0001','IN','ALLOW','VALID','2026-04-14 21:03:58'),
(81,'M0001','IN','ALLOW','VALID','2026-04-19 10:47:21'),
(82,'M0001','IN','ALLOW','VALID','2026-04-22 19:14:11'),
(83,'M0001','IN','ALLOW','VALID','2026-04-22 19:57:15'),
(84,'M0001','IN','ALLOW','VALID','2026-04-22 20:07:56'),
(85,'M0001','IN','ALLOW','VALID','2026-04-22 20:09:01'),
(86,'M0001','IN','ALLOW','VALID','2026-04-22 20:23:18'),
(87,'M0001','IN','ALLOW','VALID','2026-04-22 20:24:41'),
(88,'M0001','IN','ALLOW','VALID','2026-04-22 20:30:47'),
(89,'M0001','IN','ALLOW','VALID','2026-04-22 21:04:58'),
(90,'M0001','IN','ALLOW','VALID','2026-04-22 21:13:22'),
(91,'M0001','IN','ALLOW','VALID','2026-04-22 21:19:50'),
(92,'M0001','IN','ALLOW','VALID','2026-04-23 09:42:18'),
(93,'M0001','IN','ALLOW','VALID','2026-04-23 09:52:45'),
(94,'M0001','IN','ALLOW','VALID','2026-04-23 09:55:40'),
(95,'M0001','IN','ALLOW','VALID','2026-04-23 10:16:20'),
(96,'M0001','IN','ALLOW','VALID','2026-04-23 18:28:15'),
(97,'M0001','IN','ALLOW','VALID','2026-04-23 18:32:14'),
(98,'M0001','IN','ALLOW','VALID','2026-04-23 18:36:47'),
(99,'M0001','IN','ALLOW','VALID','2026-04-23 18:42:21'),
(100,'M0001','IN','ALLOW','VALID','2026-04-23 18:50:08'),
(101,'M0001','IN','ALLOW','VALID','2026-04-23 18:51:59');
COMMIT;

--
-- Table structure for table `attendance_sessions`
--

DROP TABLE IF EXISTS `attendance_sessions`;
CREATE TABLE `attendance_sessions` (
  `session_id` int(11) NOT NULL AUTO_INCREMENT,
  `user_id` varchar(10) DEFAULT NULL,
  `time_in` datetime DEFAULT NULL,
  `time_out` datetime DEFAULT NULL,
  `status` varchar(20) DEFAULT NULL,
  PRIMARY KEY (`session_id`)
) ENGINE=InnoDB AUTO_INCREMENT=102 DEFAULT CHARSET=utf8mb4 COLLATE=utf8mb4_general_ci;

--
-- Dumping data for table `attendance_sessions`
--

INSERT INTO `attendance_sessions` VALUES
(26,'W0001','2026-03-24 20:34:31','2026-03-30 15:22:16','ACTIVE'),
(27,'M0001','2026-03-24 20:35:16','2026-03-30 16:31:22','ACTIVE'),
(28,'W0001','2026-03-30 15:25:57','2026-03-30 15:29:39','ACTIVE'),
(29,'M0001','2026-04-01 13:46:50','2026-04-01 14:08:46','ACTIVE'),
(30,'M0001','2026-04-01 14:14:01','2026-04-01 14:14:09','ACTIVE'),
(31,'M0001','2026-04-01 14:14:43','2026-04-01 14:22:03','ACTIVE'),
(32,'M0001','2026-04-01 14:32:25','2026-04-01 14:41:16','ACTIVE'),
(33,'M0001','2026-04-01 14:51:26','2026-04-01 14:58:19','ACTIVE'),
(34,'M0001','2026-04-01 14:59:47','2026-04-01 15:08:08','ACTIVE'),
(35,'M0001','2026-04-03 14:00:03','2026-04-03 14:04:20','ACTIVE'),
(36,'M0001','2026-04-03 14:05:06','2026-04-03 14:14:21','ACTIVE'),
(37,'M0001','2026-04-03 14:14:56','2026-04-03 14:22:23','ACTIVE'),
(38,'M0001','2026-04-03 14:22:42','2026-04-03 14:27:16','ACTIVE'),
(39,'M0001','2026-04-03 14:31:53','2026-04-03 14:32:37','ACTIVE'),
(40,'M0001','2026-04-03 14:50:25','2026-04-03 14:50:40','ACTIVE'),
(41,'M0001','2026-04-03 17:06:36','2026-04-04 13:20:12','ACTIVE'),
(42,'M0001','2026-04-06 14:24:04','2026-04-12 15:54:15','ACTIVE'),
(43,'W0001','2026-04-11 14:13:45','2026-04-11 14:14:04','ACTIVE'),
(44,'W0001','2026-04-11 14:30:56','2026-04-11 14:32:06','ACTIVE'),
(45,'W0001','2026-04-11 14:38:00','2026-04-11 14:38:39','ACTIVE'),
(46,'W0001','2026-04-11 14:38:55','2026-04-11 14:39:24','ACTIVE'),
(47,'W0001','2026-04-11 14:42:09','2026-04-11 15:04:18','ACTIVE'),
(48,'W0001','2026-04-11 21:45:53','2026-04-11 21:46:56','ACTIVE'),
(49,'W0001','2026-04-11 21:51:43','2026-04-11 22:00:06','ACTIVE'),
(50,'W0001','2026-04-11 22:00:35','2026-04-11 22:01:12','ACTIVE'),
(51,'W0001','2026-04-11 22:02:20','2026-04-11 22:02:48','ACTIVE'),
(52,'W0001','2026-04-11 22:09:31','2026-04-11 22:59:07','ACTIVE'),
(53,'W0001','2026-04-11 23:00:09','2026-04-11 23:05:38','ACTIVE'),
(54,'W0001','2026-04-11 23:06:49','2026-04-11 23:07:10','ACTIVE'),
(55,'W0001','2026-04-11 23:12:50','2026-04-11 23:13:19','ACTIVE'),
(56,'W0001','2026-04-11 23:19:04','2026-04-11 23:19:24','ACTIVE'),
(57,'W0001','2026-04-11 23:19:59','2026-04-11 23:40:02','ACTIVE'),
(58,'W0002','2026-04-12 15:42:45','2026-04-12 15:43:15','ACTIVE'),
(59,'M0002','2026-04-12 16:02:10','2026-04-12 16:03:10','ACTIVE'),
(60,'W0001','2026-04-12 18:53:44','2026-04-12 18:54:16','ACTIVE'),
(61,'W0001','2026-04-12 18:54:46','2026-04-12 18:55:46','ACTIVE'),
(62,'W0001','2026-04-12 18:55:58','2026-04-12 18:56:53','ACTIVE'),
(63,'W0001','2026-04-12 18:57:21','2026-04-12 18:58:07','ACTIVE'),
(64,'W0001','2026-04-12 18:58:35','2026-04-12 18:59:12','ACTIVE'),
(65,'W0001','2026-04-12 19:01:27','2026-04-12 19:04:11','ACTIVE'),
(66,'W0001','2026-04-12 19:04:41','2026-04-12 19:12:29','ACTIVE'),
(67,'W0001','2026-04-12 19:12:40','2026-04-12 19:13:45','ACTIVE'),
(68,'W0001','2026-04-12 19:14:01','2026-04-12 20:06:16','ACTIVE'),
(69,'W0001','2026-04-12 20:06:45','2026-04-12 20:11:26','ACTIVE'),
(70,'W0001','2026-04-12 20:11:40','2026-04-12 20:12:06','ACTIVE'),
(71,'W0001','2026-04-12 20:12:40','2026-04-12 20:16:30','ACTIVE'),
(72,'W0001','2026-04-12 20:17:20','2026-04-12 20:17:50','ACTIVE'),
(73,'W0001','2026-04-12 20:18:27','2026-04-12 20:18:53','ACTIVE'),
(74,'W0001','2026-04-12 20:34:02','2026-04-12 20:34:49','ACTIVE'),
(75,'W0001','2026-04-12 20:35:03','2026-04-12 20:35:23','ACTIVE'),
(76,'W0001','2026-04-12 20:37:01','2026-04-12 20:37:56','ACTIVE'),
(77,'W0001','2026-04-12 20:38:48','2026-04-12 20:39:42','ACTIVE'),
(78,'W0001','2026-04-14 20:23:42','2026-04-14 20:24:25','ACTIVE'),
(79,'W0001','2026-04-14 20:59:37','2026-04-14 21:03:15','ACTIVE'),
(80,'W0001','2026-04-14 21:03:57','2026-04-19 09:28:58','ACTIVE'),
(81,'M0001','2026-04-19 10:47:21','2026-04-22 19:13:46','ACTIVE'),
(82,'M0001','2026-04-22 19:14:11','2026-04-22 19:21:26','ACTIVE'),
(83,'M0001','2026-04-22 19:57:15','2026-04-22 19:58:29','ACTIVE'),
(84,'M0001','2026-04-22 20:07:56','2026-04-22 20:08:39','ACTIVE'),
(85,'M0001','2026-04-22 20:09:01','2026-04-22 20:17:24','ACTIVE'),
(86,'M0001','2026-04-22 20:23:18','2026-04-22 20:24:24','ACTIVE'),
(87,'M0001','2026-04-22 20:24:41','2026-04-22 20:25:07','ACTIVE'),
(88,'M0001','2026-04-22 20:30:47','2026-04-22 20:45:39','ACTIVE'),
(89,'M0001','2026-04-22 21:04:58','2026-04-22 21:11:54','ACTIVE'),
(90,'M0001','2026-04-22 21:13:21','2026-04-22 21:16:39','ACTIVE'),
(91,'M0001','2026-04-22 21:19:49','2026-04-22 21:20:34','ACTIVE'),
(92,'M0001','2026-04-23 09:42:17','2026-04-23 09:48:59','ACTIVE'),
(93,'M0001','2026-04-23 09:52:45','2026-04-23 09:54:57','ACTIVE'),
(94,'M0001','2026-04-23 09:55:40','2026-04-23 10:03:23','ACTIVE'),
(95,'M0001','2026-04-23 10:16:20','2026-04-23 18:27:59','ACTIVE'),
(96,'M0001','2026-04-23 18:28:15','2026-04-23 18:31:12','ACTIVE'),
(97,'M0001','2026-04-23 18:32:14','2026-04-23 18:36:29','ACTIVE'),
(98,'M0001','2026-04-23 18:36:47','2026-04-23 18:42:11','ACTIVE'),
(99,'M0001','2026-04-23 18:42:21','2026-04-23 18:49:24','ACTIVE'),
(100,'M0001','2026-04-23 18:50:08','2026-04-23 18:51:45','ACTIVE'),
(101,'M0001','2026-04-23 18:51:59',NULL,'ACTIVE');
COMMIT;

--
-- Table structure for table `fp_templates`
--

DROP TABLE IF EXISTS `fp_templates`;
CREATE TABLE `fp_templates` (
  `id` int(11) NOT NULL AUTO_INCREMENT,
  `user_id` varchar(10) DEFAULT NULL,
  `fp_id` int(11) DEFAULT NULL,
  `template` longblob DEFAULT NULL,
  `created_at` datetime DEFAULT current_timestamp(),
  PRIMARY KEY (`id`),
  UNIQUE KEY `fp_id` (`fp_id`)
) ENGINE=InnoDB AUTO_INCREMENT=20 DEFAULT CHARSET=utf8mb4 COLLATE=utf8mb4_general_ci;

--
-- Dumping data for table `fp_templates`
--

INSERT INTO `fp_templates` VALUES
(15,'M0001',0,'03035b2514013101680000000000000000000000000000000000000000000000000000000000000000000000000000001100030081000c000c033ffff3fffeeeffbaefaeaaeabaa6a65995555655956545510100000401010101010101010101010101010101010101010101010101010101010101010101010101010101010131165e9e7514a31e3b1b9d1e549e673e76a324be24275c1e5dac127e5e31e7be2c37037e37ba99de1e195e3f62178fdf701e8e9f61a0519f5126563f6dab509f6738915f53c2543f4a1f1a7c422a56fc348ddf5d3a8fa0dd3baa009d499add3a4436ac3a5ab9d39a5c3c687a6c0f8c195a1992d9403758d96e90e2964c1461b7571754575195a2f55196e3334f17a3514d9829d100000000000000000000000000000000000000000000000000000000000000000000000000000000000000000000000000000000000000000000000000000000000000000000000000000000000000000000000000000000000000000000000000000000000000000000000003035c250001200167000000000000000000000000000000000000000000000000000000000000000000000000000000070003007b00000000c000c033ffffffffbbbfbbaeeeeaaaaba99a6595555555655545104000000000000000000000000000000000000000000000000000000000000000000000000000000000000000','2026-04-04 16:36:23'),
(16,'W0001',1,'0303603230013d017f000000000000000000000000000000000000000000000000000000000000000000000000000000020001009100000000000000330300cfffeffffeffffbfffbaaaaa9aaaa6666659565555595555aa954401010101010101010101010101010101010101010101010101010101010101010101010100005f8b013e7d98673e30951c3e82a5ea3e84aae9fe3aa71abe2d26843e4ca8847e632e831e8532555e78336bfe47329bbe5db9db3e801e291f2a1a5c1f792ed7bf6cb0d91f2ab0843f693c021f53bc43ff4ac2459f61c4c3bf7516279d850ccf3a3e8945da698f59ba6491ec3a5cb35b1a880e947b6d196c3b5219049b4e9b5c5b3888c5b86696ecb860b38258770de2194e1218794c1241d963a5055964a61c196b95d896700cec97718d9837220c04f4348905d22606c1712a8a852c228a40ad1108013a1309d2da000000000000000000000000000000000000000000000000000000000000000000000000000000000000000000000000000000000000000003035530000120017d00000000000000000000000000000000000000000000000000000000000000000000000000000002000100830000000000000000cffffffffffffffffbaaaaaaaaaa9666596595595555559954400000000000000000000000000000000000000000000000000000000000000000000000000000000000','2026-04-04 16:36:50'),
(17,'W0002',2,'03035f1c00012001620000000000000000000000000000000000000000000000000000000000000000000000000000000d0003007500000c0c0333cf33fffffefbeeeeeeeaeaa6a66665996555555455441104000000000000000000000000000000000000000000000000000000000000000000000000000000000000000000360c9cfe510e985e5718d5fe6c9f937e229fdbbe68a5a89e24ad023e37ae803e4c2e965e6c2f943e4e34d53e62bad3de473e15be4243d69e3395da3f4816583f599e553f3e9facff4323971f642d69ff4034573f69b62a1f3510db5c6b11137c641154bc36256cfa3027c1bb36a9989b00000000000000000000000000000000000000000000000000000000000000000000000000000000000000000000000000000000000000000000000000000000000000000000000000000000000000000000000000000000000000000000000000000000000000000000000000000000000000000000000000000000000000000000000000000000000000000000000003035f1d00012001650000000000000000000000000000000000000000000000000000000000000000000000000000000b000300750000030030c0ffccffbfffefbbbeeeebaaaa69a665965595455511550444000000000000000000000000000000000000000000000000000000000000000000000000000000000000000000','2026-04-12 15:39:29'),
(19,'M0002',3,'03035e3414013d016a0000000000000000000000000000000000000000000000000000000000000000000000000000000500010085000000000c00003333ffffffffffffefeefaeaaaaaaaa6999659555555555555594401010101010101010101010101010101010101010101010101010101010101010101010101010101011586c0fe4808415e3f8e597e641d52de71ac52be7795913f361f18ff4ba3155f652be8ff43b0d51f6c34521f5636529f32b556bf69c0911f77c2d15f42c1d39f5209573c239b5d5c3da716fc2015061d251f423d2d24199d342a979d463613bd49b9a95d3d08025a1f07977a2212061a5d2952fa590b159b34a52cdb2bae973b6e09d338370a0318210a83b84629ea58610b1499649268d958a469995a2693794827d4992faeac79310a8356240e4616488fac966517d2d6660a93d7698ad437671614572a0b02f46bc867df3cc8939f00000000000000000000000000000000000000000000000000000000000000000000000000000000000000000000000003035b32000120016b00000000000000000000000000000000000000000000000000000000000000000000000000000002000100830000000000000033333fffffffffffffeeeaaaaaaaaa9a6595655555555555a994400000000000000000000000000000000000000000000000000000000000000000000000000000000000','2026-04-12 15:57:39');
COMMIT;

--
-- Table structure for table `locker_bookings`
--

DROP TABLE IF EXISTS `locker_bookings`;
CREATE TABLE `locker_bookings` (
  `id` int(11) NOT NULL AUTO_INCREMENT,
  `user_id` varchar(10) DEFAULT NULL,
  `locker_number` int(11) DEFAULT NULL,
  `date` date DEFAULT NULL,
  `time` time DEFAULT NULL,
  `status` varchar(20) DEFAULT 'PENDING',
  `reason` text DEFAULT NULL,
  `created_at` timestamp NULL DEFAULT current_timestamp(),
  PRIMARY KEY (`id`)
) ENGINE=InnoDB AUTO_INCREMENT=16 DEFAULT CHARSET=utf8mb4 COLLATE=utf8mb4_general_ci;

--
-- Dumping data for table `locker_bookings`
--

INSERT INTO `locker_bookings` VALUES
(1,'M0001',1,'2026-04-08','23:30:00','DECLINED','fsafas','2026-04-08 14:28:12'),
(2,'M0001',1,'2026-04-09','16:40:00','DECLINED','safasf','2026-04-09 08:34:39'),
(3,'M0001',1,'2026-04-09','17:00:00','DECLINED','sffa','2026-04-09 08:44:17'),
(4,'M0001',3,'2026-04-09','17:00:00','DECLINED','sfa','2026-04-09 08:47:41'),
(5,'M0001',1,'2026-04-09','17:10:00','CANCELLED',NULL,'2026-04-09 09:02:22'),
(6,'M0001',1,'2026-04-09','18:00:00','CANCELLED',NULL,'2026-04-09 09:59:36'),
(7,'M0001',1,'2026-04-24','09:20:00','CANCELLED',NULL,'2026-04-24 01:05:14'),
(8,'M0002',2,'2026-04-24','09:13:00','CANCELLED',NULL,'2026-04-24 01:11:23'),
(9,'M0001',1,'2026-04-24','10:30:00','CANCELLED',NULL,'2026-04-24 02:24:17'),
(10,'M0001',2,'2026-04-24','10:53:00','CANCELLED',NULL,'2026-04-24 02:51:04'),
(11,'S0001',1,'2026-04-24','11:42:00','CANCELLED',NULL,'2026-04-24 03:39:54'),
(12,'M0001',1,'2026-04-24','12:15:00','CANCELLED',NULL,'2026-04-24 04:04:11'),
(13,'M0001',2,'2026-04-24','12:57:00','CANCELLED',NULL,'2026-04-24 04:49:13'),
(14,'M0001',1,'2026-04-24','13:20:00','CANCELLED',NULL,'2026-04-24 05:04:22'),
(15,'M0001',2,'2026-04-24','14:05:00','CANCELLED',NULL,'2026-04-24 05:50:59');
COMMIT;

--
-- Table structure for table `locker_sessions`
--

DROP TABLE IF EXISTS `locker_sessions`;
CREATE TABLE `locker_sessions` (
  `id` int(11) NOT NULL AUTO_INCREMENT,
  `user_id` varchar(10) DEFAULT NULL,
  `locker_number` int(11) DEFAULT NULL,
  `start_time` datetime DEFAULT NULL,
  `end_time` datetime DEFAULT NULL,
  `overtime_paid` tinyint(1) DEFAULT 0,
  `status` varchar(20) DEFAULT 'active',
  PRIMARY KEY (`id`)
) ENGINE=InnoDB AUTO_INCREMENT=85 DEFAULT CHARSET=utf8mb4 COLLATE=utf8mb4_general_ci;

--
-- Dumping data for table `locker_sessions`
--

INSERT INTO `locker_sessions` VALUES
(3,'W0001',1,'2026-03-25 10:27:12','2026-03-26 10:07:55',0,'ended'),
(4,'W0001',1,'2026-03-25 11:08:20','2026-03-25 14:08:20',0,'ended'),
(5,'W0002',2,'2026-03-25 11:39:19','2026-03-26 10:28:19',0,'ended'),
(6,'W0001',1,'2026-03-26 10:07:55','2026-03-26 10:19:03',0,'ended'),
(7,'W0001',3,'2026-03-29 18:20:42','2026-03-29 22:01:54',0,'ended'),
(8,'W0001',3,'2026-03-29 22:01:54','2026-03-29 22:43:04',0,'ended'),
(9,'W0001',3,'2026-03-29 22:43:04','2026-03-30 08:52:02',0,'ended'),
(10,'W0001',3,'2026-03-30 08:52:02','2026-03-30 09:11:07',0,'ended'),
(11,'W0001',3,'2026-03-30 09:11:07','2026-03-30 09:42:26',0,'ended'),
(12,'M0001',1,'2026-03-30 14:24:24','2026-03-30 14:33:51',0,'ended'),
(13,'W0001',2,'2026-03-30 14:35:35','2026-03-30 14:37:49',0,'ended'),
(14,'W0001',2,'2026-03-30 14:54:34','2026-03-30 15:03:17',0,'ended'),
(15,'W0001',3,'2026-03-30 15:10:33','2026-03-30 15:12:18',0,'ended'),
(16,'W0001',3,'2026-03-30 15:25:46','2026-03-30 15:28:08',0,'ended'),
(17,'M0001',1,'2026-03-30 15:31:47','2026-03-30 15:52:10',0,'ended'),
(18,'W0001',2,'2026-03-30 15:32:28','2026-03-30 15:43:34',0,'ended'),
(19,'M0001',2,'2026-03-30 15:52:10','2026-03-30 16:21:36',0,'ended'),
(20,'W0001',2,'2026-03-30 16:04:30','2026-03-30 16:06:05',0,'ended'),
(21,'M0001',1,'2026-03-30 16:41:26','2026-03-30 16:42:41',0,'ended'),
(22,'M0001',1,'2026-03-30 16:49:59','2026-03-30 16:51:09',0,'ended'),
(23,'M0001',1,'2026-03-30 16:59:52','2026-03-30 17:01:07',0,'ended'),
(24,'M0001',1,'2026-03-30 17:08:35','2026-03-30 17:10:03',0,'ended'),
(25,'M0001',1,'2026-03-30 17:15:52','2026-03-30 17:17:03',0,'ended'),
(26,'M0001',1,'2026-03-30 17:22:14','2026-03-30 17:23:32',0,'ended'),
(27,'M0001',1,'2026-03-30 17:24:36','2026-03-30 17:25:51',0,'ended'),
(28,'M0001',1,'2026-03-30 17:41:07','2026-03-30 17:51:58',0,'ended'),
(29,'M0001',1,'2026-03-30 17:52:59','2026-03-30 17:54:25',0,'ended'),
(30,'M0001',1,'2026-03-30 17:56:26','2026-03-30 17:59:27',0,'ended'),
(31,'M0001',1,'2026-03-30 18:21:02','2026-03-30 18:22:09',0,'ended'),
(32,'M0001',1,'2026-03-30 18:38:49','2026-03-30 18:46:25',0,'ended'),
(33,'M0001',1,'2026-03-30 18:49:55','2026-03-30 18:51:05',0,'ended'),
(34,'M0001',1,'2026-03-30 18:57:25','2026-03-30 18:58:30',0,'ended'),
(35,'M0001',1,'2026-03-30 19:09:08','2026-03-30 19:10:12',0,'ended'),
(36,'M0001',1,'2026-03-30 19:24:26','2026-03-30 19:25:40',0,'ended'),
(37,'M0001',1,'2026-03-30 19:32:19','2026-03-30 19:33:26',0,'ended'),
(38,'M0001',1,'2026-03-30 19:39:37','2026-03-30 19:40:47',0,'ended'),
(39,'M0001',1,'2026-03-30 19:49:22','2026-03-30 19:50:33',0,'ended'),
(40,'M0001',1,'2026-03-30 21:31:08','2026-03-30 21:32:23',0,'ended'),
(41,'M0001',1,'2026-03-30 21:38:53','2026-03-30 21:40:28',0,'ended'),
(42,'M0001',1,'2026-03-30 21:49:13','2026-03-30 21:50:21',0,'ended'),
(43,'M0001',1,'2026-03-30 22:08:20','2026-03-31 17:06:52',0,'ended'),
(44,'M0001',1,'2026-03-31 17:07:48','2026-03-31 17:10:01',0,'ended'),
(45,'M0001',1,'2026-03-31 17:19:54','2026-03-31 18:22:13',0,'ended'),
(46,'M0001',1,'2026-03-31 20:37:48','2026-03-31 20:39:26',0,'ended'),
(47,'M0001',1,'2026-03-31 20:40:20','2026-03-31 21:24:35',0,'ended'),
(48,'M0001',1,'2026-03-31 21:39:16','2026-03-31 22:00:57',0,'ended'),
(49,'M0001',1,'2026-03-31 22:02:23','2026-03-31 23:07:06',0,'ended'),
(50,'M0001',1,'2026-03-31 23:08:52','2026-03-31 23:19:11',0,'ended'),
(51,'M0001',1,'2026-03-31 23:20:16','2026-03-31 23:28:55',0,'ended'),
(52,'M0001',1,'2026-03-31 23:30:43','2026-03-31 23:49:17',0,'ended'),
(53,'M0001',1,'2026-03-31 23:50:57','2026-04-01 10:11:17',0,'ended'),
(54,'M0001',1,'2026-04-01 10:35:16','2026-04-01 10:45:26',0,'ended'),
(55,'M0001',1,'2026-04-01 10:46:38','2026-04-01 10:47:55',0,'ended'),
(56,'M0001',1,'2026-04-01 10:48:51','2026-04-01 10:59:51',0,'ended'),
(57,'M0001',1,'2026-04-01 11:01:27','2026-04-01 11:04:41',0,'ended'),
(58,'M0001',1,'2026-04-01 11:05:34','2026-04-01 11:12:45',0,'ended'),
(59,'M0001',1,'2026-04-01 11:13:45','2026-04-01 11:18:50',0,'ended'),
(60,'M0001',1,'2026-04-01 11:19:38','2026-04-01 11:23:38',0,'ended'),
(61,'M0001',1,'2026-04-01 11:24:28','2026-04-01 11:29:08',0,'ended'),
(62,'M0001',1,'2026-04-01 11:31:52','2026-04-01 14:17:40',0,'ended'),
(63,'W0001',3,'2026-04-01 11:45:01','2026-04-01 13:40:39',0,'ended'),
(64,'M0001',1,'2026-04-01 14:16:13','2026-04-01 14:33:56',0,'ended'),
(65,'M0001',1,'2026-04-01 14:35:16','2026-04-01 15:01:39',1,'ended'),
(66,'M0001',1,'2026-04-01 15:00:26','2026-04-09 17:01:42',1,'ended'),
(67,'M0001',1,'2026-04-04 14:50:50','2026-04-09 17:01:55',0,'ended'),
(68,'M0001',1,'2026-04-09 18:00:26','2026-04-12 15:53:45',0,'returned'),
(69,'M0001',1,'2026-04-24 09:25:13','2026-04-24 10:23:44',0,'ended'),
(70,'M0001',2,'2026-04-24 10:55:15','2026-04-24 11:20:08',0,'ended'),
(71,'W0001',3,'2026-04-24 11:21:11','2026-04-24 11:31:26',0,'ended'),
(72,'W0001',1,'2026-04-24 11:33:45','2026-04-24 11:43:35',0,'ended'),
(73,'W0001',1,'2026-04-24 11:48:12','2026-04-24 12:05:22',0,'ended'),
(74,'W0001',1,'2026-04-24 12:06:15','2026-04-24 12:17:24',0,'ended'),
(75,'W0001',1,'2026-04-24 12:18:50','2026-04-24 12:23:28',0,'ended'),
(76,'W0001',1,'2026-04-24 12:24:52','2026-04-24 12:39:57',0,'ended'),
(77,'W0001',2,'2026-04-24 12:47:45','2026-04-24 12:56:21',0,'ended'),
(78,'W0001',2,'2026-04-24 12:48:27','2026-04-24 12:56:43',0,'ended'),
(79,'W0001',1,'2026-04-24 13:05:42','2026-04-24 13:49:33',0,'ended'),
(80,'W0001',1,'2026-04-24 13:11:33','2026-04-24 13:49:38',0,'ended'),
(81,'W0001',2,'2026-04-24 13:51:53','2026-04-24 15:24:00',0,'ended'),
(82,'W0001',2,'2026-04-24 13:53:24','2026-04-24 15:24:05',0,'ended'),
(83,'M0001',1,'2026-04-24 15:18:19','2026-04-24 15:24:12',0,'ended'),
(84,'M0001',1,'2026-04-24 15:26:04','2026-04-24 15:26:38',0,'ended');
COMMIT;

--
-- Table structure for table `lockers`
--

DROP TABLE IF EXISTS `lockers`;
CREATE TABLE `lockers` (
  `locker_number` int(11) NOT NULL,
  `status` varchar(20) DEFAULT 'AVAILABLE',
  PRIMARY KEY (`locker_number`)
) ENGINE=InnoDB DEFAULT CHARSET=utf8mb4 COLLATE=utf8mb4_general_ci;

--
-- Dumping data for table `lockers`
--

INSERT INTO `lockers` VALUES
(1,'OCCUPIED'),
(2,'AVAILABLE'),
(3,'AVAILABLE');
COMMIT;

--
-- Table structure for table `members`
--

DROP TABLE IF EXISTS `members`;
CREATE TABLE `members` (
  `id` varchar(10) NOT NULL,
  `full_name` varchar(100) NOT NULL,
  `fingerprint_template` text DEFAULT NULL,
  `phone_number` varchar(20) NOT NULL,
  `membership_type` varchar(20) DEFAULT NULL,
  `membership_expires` datetime DEFAULT NULL,
  `monthly_expires` datetime DEFAULT NULL,
  `created_at` datetime DEFAULT current_timestamp(),
  `last_sms_sent` date DEFAULT NULL,
  PRIMARY KEY (`id`)
) ENGINE=InnoDB DEFAULT CHARSET=utf8mb4 COLLATE=utf8mb4_general_ci;

--
-- Dumping data for table `members`
--

INSERT INTO `members` VALUES
('M0001','Aldrin Dela Vega','03035b2514013101680000000000000000000000000000000000000000000000000000000000000000000000000000001100030081000c000c033ffff3fffeeeffbaefaeaaeabaa6a65995555655956545510100000401010101010101010101010101010101010101010101010101010101010101010101010101010101010131165e9e7514a31e3b1b9d1e549e673e76a324be24275c1e5dac127e5e31e7be2c37037e37ba99de1e195e3f62178fdf701e8e9f61a0519f5126563f6dab509f6738915f53c2543f4a1f1a7c422a56fc348ddf5d3a8fa0dd3baa009d499add3a4436ac3a5ab9d39a5c3c687a6c0f8c195a1992d9403758d96e90e2964c1461b7571754575195a2f55196e3334f17a3514d9829d100000000000000000000000000000000000000000000000000000000000000000000000000000000000000000000000000000000000000000000000000000000000000000000000000000000000000000000000000000000000000000000000000000000000000000000000003035c250001200167000000000000000000000000000000000000000000000000000000000000000000000000000000070003007b00000000c000c033ffffffffbbbfbbaeeeeaaaaba99a6595555555655545104000000000000000000000000000000000000000000000000000000000000000000000000000000000000000','09913354822','membership-monthly','2027-04-06 13:36:03','2026-04-22 18:57:39','2026-04-04 16:36:23','2026-04-23'),
('M0002','Aliyah Dador','03035e3414013d016a0000000000000000000000000000000000000000000000000000000000000000000000000000000500010085000000000c00003333ffffffffffffefeefaeaaaaaaaa6999659555555555555594401010101010101010101010101010101010101010101010101010101010101010101010101010101011586c0fe4808415e3f8e597e641d52de71ac52be7795913f361f18ff4ba3155f652be8ff43b0d51f6c34521f5636529f32b556bf69c0911f77c2d15f42c1d39f5209573c239b5d5c3da716fc2015061d251f423d2d24199d342a979d463613bd49b9a95d3d08025a1f07977a2212061a5d2952fa590b159b34a52cdb2bae973b6e09d338370a0318210a83b84629ea58610b1499649268d958a469995a2693794827d4992faeac79310a8356240e4616488fac966517d2d6660a93d7698ad437671614572a0b02f46bc867df3cc8939f00000000000000000000000000000000000000000000000000000000000000000000000000000000000000000000000003035b32000120016b00000000000000000000000000000000000000000000000000000000000000000000000000000002000100830000000000000033333fffffffffffffeeeaaaaaaaaa9a6595655555555555a994400000000000000000000000000000000000000000000000000000000000000000000000000000000000','09732283223','membership-monthly','2027-04-12 15:57:48','2026-05-12 15:57:48','2026-04-12 15:57:39',NULL);
COMMIT;

--
-- Table structure for table `payments`
--

DROP TABLE IF EXISTS `payments`;
CREATE TABLE `payments` (
  `id` int(11) NOT NULL AUTO_INCREMENT,
  `user_id` varchar(10) DEFAULT NULL,
  `payment_type` varchar(30) DEFAULT NULL,
  `amount` decimal(10,2) DEFAULT NULL,
  `paid_at` datetime DEFAULT current_timestamp(),
  PRIMARY KEY (`id`)
) ENGINE=InnoDB AUTO_INCREMENT=83 DEFAULT CHARSET=utf8mb4 COLLATE=utf8mb4_general_ci;

--
-- Dumping data for table `payments`
--

INSERT INTO `payments` VALUES
(36,'W0001','WALKIN',0.00,'2026-03-24 20:33:55'),
(37,'M0001','MONTHLY',0.00,'2026-03-24 20:34:09'),
(38,'W0002','WALKIN',0.00,'2026-03-25 09:28:04'),
(39,'W0001','WALKIN',0.00,'2026-03-25 09:36:08'),
(40,'W0001','WALKIN',0.00,'2026-03-25 09:44:04'),
(41,'W0001','WALKIN',0.00,'2026-03-25 09:59:07'),
(42,'W0001','WALKIN',0.00,'2026-03-25 09:59:23'),
(43,'W0002','WALKIN',0.00,'2026-03-25 09:59:39'),
(44,'W0002','WALKIN',0.00,'2026-03-25 09:59:57'),
(45,'W0001','WALKIN',0.00,'2026-03-25 10:05:22'),
(46,'W0001','WALKIN',0.00,'2026-03-25 10:09:15'),
(47,'W0001','WALKIN',0.00,'2026-03-25 10:10:35'),
(48,'W0001','WALKIN',0.00,'2026-03-25 10:27:08'),
(49,'W0001','WALKIN',0.00,'2026-03-25 10:27:18'),
(50,'W0002','WALKIN',0.00,'2026-03-25 11:39:15'),
(51,'W0001','WALKIN',0.00,'2026-03-29 18:20:37'),
(52,'W0001','WALKIN',0.00,'2026-03-30 14:03:30'),
(53,'W0001','WALKIN',0.00,'2026-03-30 14:35:29'),
(54,'W0001','WALKIN',0.00,'2026-03-30 14:54:30'),
(55,'W0001','WALKIN',0.00,'2026-03-30 15:10:29'),
(56,'W0001','WALKIN',0.00,'2026-03-30 15:25:41'),
(57,'W0001','WALKIN',0.00,'2026-03-30 15:32:24'),
(58,'W0001','WALKIN',0.00,'2026-03-30 16:03:55'),
(59,'W0001','WALKIN',0.00,'2026-03-30 16:04:26'),
(60,'W0001','WALKIN',0.00,'2026-04-01 11:44:55'),
(61,'\\M0001','MONTHLY',0.00,'2026-04-01 13:41:40'),
(62,'M0001','MEMBERSHIP',0.00,'2026-04-01 13:46:34'),
(63,'M0001','LOCKER_OVERTIME',-78.00,'2026-04-01 14:58:10'),
(64,'M0001','LOCKER_OVERTIME',-86.00,'2026-04-01 15:07:42'),
(65,'M0001','MEMBERSHIP',0.00,'2026-04-06 13:13:10'),
(66,'M0001','MONTHLY',0.00,'2026-04-06 13:14:39'),
(67,'M0001','MEMBERSHIP-MONTHLY',0.00,'2026-04-06 13:36:11'),
(68,'W0001','WALKIN',0.00,'2026-04-11 14:13:34'),
(69,'W0002','WALKIN',0.00,'2026-04-12 15:39:36'),
(70,'M0002','MEMBERSHIP-MONTHLY',0.00,'2026-04-12 15:41:56'),
(71,'M0002','MEMBERSHIP-MONTHLY',0.00,'2026-04-12 15:57:53'),
(72,'W0001','WALKIN',0.00,'2026-04-12 18:52:58'),
(73,'W0001','WALKIN',0.00,'2026-04-14 20:23:01'),
(74,'W0001','WALKIN',0.00,'2026-04-24 11:21:00'),
(75,'W0001','WALKIN',0.00,'2026-04-24 11:33:42'),
(76,'W0001','WALKIN',0.00,'2026-04-24 11:48:08'),
(77,'W0001','WALKIN',0.00,'2026-04-24 12:06:12'),
(78,'W0001','WALKIN',0.00,'2026-04-24 12:18:47'),
(79,'W0001','WALKIN',0.00,'2026-04-24 12:24:50'),
(80,'W0001','WALKIN',0.00,'2026-04-24 12:47:41'),
(81,'W0001','WALKIN',0.00,'2026-04-24 13:05:39'),
(82,'W0001','WALKIN',0.00,'2026-04-24 13:51:50');
COMMIT;

--
-- Table structure for table `sms_logs`
--

DROP TABLE IF EXISTS `sms_logs`;
CREATE TABLE `sms_logs` (
  `id` int(11) NOT NULL AUTO_INCREMENT,
  `user_id` varchar(10) DEFAULT NULL,
  `sms_type` varchar(30) DEFAULT NULL,
  `sent_at` datetime DEFAULT current_timestamp(),
  PRIMARY KEY (`id`)
) ENGINE=InnoDB DEFAULT CHARSET=utf8mb4 COLLATE=utf8mb4_general_ci;

--
-- Dumping data for table `sms_logs`
--

COMMIT;

--
-- Table structure for table `user_accounts`
--

DROP TABLE IF EXISTS `user_accounts`;
CREATE TABLE `user_accounts` (
  `id` int(11) NOT NULL AUTO_INCREMENT,
  `user_id` varchar(10) DEFAULT NULL,
  `username` varchar(50) DEFAULT NULL,
  `password` varchar(100) DEFAULT NULL,
  `role` varchar(20) DEFAULT 'member',
  `created_at` timestamp NULL DEFAULT current_timestamp(),
  PRIMARY KEY (`id`),
  UNIQUE KEY `user_id` (`user_id`),
  UNIQUE KEY `username` (`username`)
) ENGINE=InnoDB AUTO_INCREMENT=6 DEFAULT CHARSET=utf8mb4 COLLATE=utf8mb4_general_ci;

--
-- Dumping data for table `user_accounts`
--

INSERT INTO `user_accounts` VALUES
(2,'M0001','m0001','member0010','member','2026-04-09 07:25:24'),
(3,'S0001','staff1','staff123','staff','2026-04-09 07:52:34'),
(4,'A0001','admin1','admin123','admin','2026-04-09 07:52:35'),
(5,'M0002','M0002','member0002','member','2026-04-12 08:06:26');
COMMIT;

--
-- Table structure for table `walkins`
--

DROP TABLE IF EXISTS `walkins`;
CREATE TABLE `walkins` (
  `id` varchar(10) NOT NULL,
  `full_name` varchar(100) NOT NULL,
  `fingerprint_template` text DEFAULT NULL,
  `phone_number` varchar(20) NOT NULL,
  `visit_date` date DEFAULT NULL,
  `created_at` datetime DEFAULT current_timestamp(),
  `fp_id` int(11) DEFAULT NULL,
  PRIMARY KEY (`id`)
) ENGINE=InnoDB DEFAULT CHARSET=utf8mb4 COLLATE=utf8mb4_general_ci;

--
-- Dumping data for table `walkins`
--

INSERT INTO `walkins` VALUES
('W0001','Smart Gym','0303603230013d017f000000000000000000000000000000000000000000000000000000000000000000000000000000020001009100000000000000330300cfffeffffeffffbfffbaaaaa9aaaa6666659565555595555aa954401010101010101010101010101010101010101010101010101010101010101010101010100005f8b013e7d98673e30951c3e82a5ea3e84aae9fe3aa71abe2d26843e4ca8847e632e831e8532555e78336bfe47329bbe5db9db3e801e291f2a1a5c1f792ed7bf6cb0d91f2ab0843f693c021f53bc43ff4ac2459f61c4c3bf7516279d850ccf3a3e8945da698f59ba6491ec3a5cb35b1a880e947b6d196c3b5219049b4e9b5c5b3888c5b86696ecb860b38258770de2194e1218794c1241d963a5055964a61c196b95d896700cec97718d9837220c04f4348905d22606c1712a8a852c228a40ad1108013a1309d2da000000000000000000000000000000000000000000000000000000000000000000000000000000000000000000000000000000000000000003035530000120017d00000000000000000000000000000000000000000000000000000000000000000000000000000002000100830000000000000000cffffffffffffffffbaaaaaaaaaa9666596595595555559954400000000000000000000000000000000000000000000000000000000000000000000000000000000000','092314241323','2026-04-04','2026-04-04 16:36:50',1),
('W0002','Ana Delas Alas','03035f1c00012001620000000000000000000000000000000000000000000000000000000000000000000000000000000d0003007500000c0c0333cf33fffffefbeeeeeeeaeaa6a66665996555555455441104000000000000000000000000000000000000000000000000000000000000000000000000000000000000000000360c9cfe510e985e5718d5fe6c9f937e229fdbbe68a5a89e24ad023e37ae803e4c2e965e6c2f943e4e34d53e62bad3de473e15be4243d69e3395da3f4816583f599e553f3e9facff4323971f642d69ff4034573f69b62a1f3510db5c6b11137c641154bc36256cfa3027c1bb36a9989b00000000000000000000000000000000000000000000000000000000000000000000000000000000000000000000000000000000000000000000000000000000000000000000000000000000000000000000000000000000000000000000000000000000000000000000000000000000000000000000000000000000000000000000000000000000000000000000000003035f1d00012001650000000000000000000000000000000000000000000000000000000000000000000000000000000b000300750000030030c0ffccffbfffefbbbeeeebaaaa69a665965595455511550444000000000000000000000000000000000000000000000000000000000000000000000000000000000000000000','09945215552','2026-04-12','2026-04-12 15:39:28',2);
COMMIT;

/*M!100616 SET NOTE_VERBOSITY=@OLD_NOTE_VERBOSITY */;

-- Dump completed on 2026-04-24 19:18:13
